Date Run,Status,Time,# of Errors,# of Warnings,# of Exceptions,Log File,Return Value,Error Message,# of Successes
2026-09-03 19:25:14.387 -0400,"Success",0:00:00,0,0,0,"20260903_192514.387/LogFile.txt","","",1
2026-09-03 19:35:22.843 -0400,"Aborted",0:00:17,1,0,1,"20260903_193522.843/LogFile.txt","","",0
2026-09-03 19:36:22.899 -0400,"Aborted",0:00:33,1,0,0,"20260903_193622.899/LogFile.txt","","",0
2026-09-03 19:37:03.682 -0400,"Aborted",0:00:29,1,0,1,"20260903_193703.682/LogFile.txt","","",0
2026-09-03 19:37:44.566 -0400,"Aborted",0:00:37,1,0,0,"20260903_193744.566/LogFile.txt","","",0
2026-09-03 19:39:00.359 -0400,"Aborted",0:00:31,1,0,1,"20260903_193900.359/LogFile.txt","","",0
2026-09-03 19:41:14.099 -0400,"Aborted",0:00:28,1,0,0,"20260903_194114.099/LogFile.txt","","",0
2026-09-03 19:42:08.353 -0400,"Aborted",0:00:23,1,0,1,"20260903_194208.353/LogFile.txt","","",0
2026-09-03 19:45:34.193 -0400,"Aborted",0:00:24,1,0,1,"20260903_194534.193/LogFile.txt","","",0
2026-09-03 19:47:59.417 -0400,"Success",0:00:15,0,0,0,"20260903_194759.417/LogFile.txt","","",1
